<?xml version="1.0" encoding="UTF-8"?>
<config transient="false" date="1346312889462">
	<site enabled="true" updateable="true" policy="USER-EXCLUDE" url="platform:/base/">
		<feature id="org.eclipse.emf.ecore" url="features/org.eclipse.emf.ecore_2.8.0.v20120606-0717/" version="2.8.0.v20120606-0717">
		</feature>
		<feature id="org.eclipse.e4.rcp" url="features/org.eclipse.e4.rcp_1.1.0.v20120131-1846-8yEEFyfGGdfiIUCM1VKqVel/" version="1.1.0.v20120131-1846-8yEEFyfGGdfiIUCM1VKqVel">
		</feature>
		<feature id="org.eclipse.emf.common" url="features/org.eclipse.emf.common_2.8.0.v20120606-0717/" version="2.8.0.v20120606-0717">
		</feature>
		<feature id="fr.sanofi.fcl4transmart.feature" url="features/fr.sanofi.fcl4transmart.feature_1.1.0/" version="1.1.0">
		</feature>
	</site>
</config>
