<?xml version="1.0" encoding="UTF-8"?>
<feature
      id="org.eclipse.e4.rcp"
      label="%featureName"
      version="1.1.0.v20120131-1846-8yEEFyfGGdfiIUCM1VKqVel"
      provider-name="%providerName"
      image="eclipse_update_120.jpg"
      
      >

   <description>
      %description
   </description>

   <copyright>
      %copyright
   </copyright>

   <license url="%licenseURL">
      %license
   </license>

   <requires>
      <import feature="org.eclipse.emf.common" version="2.7.0" match="compatible"/>
      <import feature="org.eclipse.emf.ecore" version="2.7.0" match="compatible"/>
   </requires>

   <plugin
         id="org.eclipse.e4.core.services"
         download-size="0"
         install-size="0"
         version="1.0.0.v20120118-2149"
         unpack="false"/>

   <plugin
         id="org.eclipse.e4.ui.workbench.swt"
         download-size="0"
         install-size="0"
         version="0.10.0.v20120224-1612"
         unpack="false"/>

   <plugin
         id="org.eclipse.e4.core.commands"
         download-size="0"
         install-size="0"
         version="0.10.0.v20120209-1845"
         unpack="false"/>

   <plugin
         id="org.eclipse.e4.ui.bindings"
         download-size="0"
         install-size="0"
         version="0.10.0.v20120313-1928"
         unpack="false"/>

   <plugin
         id="org.eclipse.e4.ui.model.workbench"
         download-size="0"
         install-size="0"
         version="0.10.0.v20120221-1958"
         unpack="false"/>

   <plugin
         id="org.eclipse.e4.ui.services"
         download-size="0"
         install-size="0"
         version="0.10.0.v20120209-1845"
         unpack="false"/>

   <plugin
         id="org.eclipse.e4.ui.workbench.renderers.swt"
         download-size="0"
         install-size="0"
         version="0.10.0.v20120314-1758"
         unpack="false"/>

   <plugin
         id="org.eclipse.e4.ui.workbench"
         download-size="0"
         install-size="0"
         version="0.10.1.v20120314-1316"
         unpack="false"/>

   <plugin
         id="org.eclipse.e4.ui.css.core"
         download-size="0"
         install-size="0"
         version="0.10.0.v20120312-1146"
         unpack="false"/>

   <plugin
         id="org.eclipse.e4.ui.css.swt"
         download-size="0"
         install-size="0"
         version="0.10.0.v20120314-1644"
         unpack="false"/>

   <plugin
         id="org.apache.batik.css"
         download-size="0"
         install-size="0"
         version="1.6.0.v201011041432"
         unpack="false"/>

   <plugin
         id="org.w3c.css.sac"
         download-size="0"
         install-size="0"
         version="1.3.1.v200903091627"
         unpack="false"/>

   <plugin
         id="org.apache.batik.util"
         download-size="0"
         install-size="0"
         version="1.6.0.v201011041432"
         unpack="false"/>

   <plugin
         id="org.w3c.dom.svg"
         download-size="0"
         install-size="0"
         version="1.1.0.v201011041433"
         unpack="false"/>

   <plugin
         id="org.w3c.dom.smil"
         download-size="0"
         install-size="0"
         version="1.0.0.v200806040011"
         unpack="false"/>

   <plugin
         id="javax.inject"
         download-size="0"
         install-size="0"
         version="1.0.0.v20091030"
         unpack="false"/>

   <plugin
         id="javax.annotation"
         download-size="0"
         install-size="0"
         version="1.0.0.v20101115-0725"
         unpack="false"/>

   <plugin
         id="org.eclipse.e4.core.di"
         download-size="0"
         install-size="0"
         version="1.1.0.v20120223-2025"
         unpack="false"/>

   <plugin
         id="org.eclipse.e4.core.contexts"
         download-size="0"
         install-size="0"
         version="1.0.0.v20120224-1633"
         unpack="false"/>

   <plugin
         id="org.apache.batik.util.gui"
         download-size="0"
         install-size="0"
         version="1.6.0.v201011041432"
         unpack="false"/>

   <plugin
         id="javax.xml"
         download-size="0"
         install-size="0"
         version="1.3.4.v201005080400"
         unpack="false"/>

   <plugin
         id="org.eclipse.e4.core.di.extensions"
         download-size="0"
         install-size="0"
         version="0.10.0.v20120201-1503"
         unpack="false"/>

   <plugin
         id="org.eclipse.e4.ui.css.swt.theme"
         download-size="0"
         install-size="0"
         version="0.9.1.v20120315-1637"
         unpack="false"/>

   <plugin
         id="org.eclipse.e4.ui.di"
         download-size="0"
         install-size="0"
         version="0.10.0.v20120217-1935"
         unpack="false"/>

   <plugin
         id="org.eclipse.e4.ui.widgets"
         download-size="0"
         install-size="0"
         version="0.11.0.v20120312-0401"
         unpack="false"/>

   <plugin
         id="org.eclipse.e4.ui.workbench.renderers.swt.cocoa"
         os="macosx"
         ws="cocoa"
         download-size="0"
         install-size="0"
         version="0.10.0.v20120118-2201"
         fragment="true"
         unpack="false"/>

   <plugin
         id="org.eclipse.equinox.common"
         download-size="0"
         install-size="0"
         version="3.6.100.v20120209-1951"
         unpack="false"/>

   <plugin
         id="org.eclipse.equinox.ds"
         download-size="0"
         install-size="0"
         version="1.4.0.v20120112-1400"
         unpack="false"/>

   <plugin
         id="org.eclipse.equinox.event"
         download-size="0"
         install-size="0"
         version="1.2.100.v20111010-1614"
         unpack="false"/>

   <plugin
         id="org.eclipse.core.commands"
         download-size="0"
         install-size="0"
         version="3.6.0.v20111007-1312"
         unpack="false"/>

   <plugin
         id="org.eclipse.core.contenttype"
         download-size="0"
         install-size="0"
         version="3.4.100.v20110423-0524"
         unpack="false"/>

   <plugin
         id="org.eclipse.core.databinding"
         download-size="0"
         install-size="0"
         version="1.4.1.v20111007-1312"
         unpack="false"/>

   <plugin
         id="org.eclipse.core.databinding.beans"
         download-size="0"
         install-size="0"
         version="1.2.100.v20111007-1312"
         unpack="false"/>

   <plugin
         id="org.eclipse.core.databinding.observable"
         download-size="0"
         install-size="0"
         version="1.4.1.v20111007-1312"
         unpack="false"/>

   <plugin
         id="org.eclipse.core.databinding.property"
         download-size="0"
         install-size="0"
         version="1.4.0.v20111007-1312"
         unpack="false"/>

   <plugin
         id="org.eclipse.core.expressions"
         download-size="0"
         install-size="0"
         version="3.4.300.v20110228"
         unpack="false"/>

   <plugin
         id="org.eclipse.core.jobs"
         download-size="0"
         install-size="0"
         version="3.5.200.v20120113-1913"
         unpack="false"/>

   <plugin
         id="org.eclipse.core.runtime"
         download-size="0"
         install-size="0"
         version="3.8.0.v20120308-2101"
         unpack="false"/>

   <plugin
         id="org.eclipse.equinox.app"
         download-size="0"
         install-size="0"
         version="1.3.100.v20111010-1614"
         unpack="false"/>

   <plugin
         id="org.eclipse.equinox.launcher"
         download-size="0"
         install-size="0"
         version="1.3.0.v20120308-1358"
         unpack="false"/>

   <plugin
         id="com.ibm.icu"
         download-size="0"
         install-size="0"
         version="4.4.2.v20110823"
         unpack="false"/>

   <plugin
         id="org.eclipse.equinox.preferences"
         download-size="0"
         install-size="0"
         version="3.5.0.v20120120-1210"
         unpack="false"/>

   <plugin
         id="org.eclipse.equinox.registry"
         download-size="0"
         install-size="0"
         version="3.5.200.v20111010-1614"
         unpack="false"/>

   <plugin
         id="org.eclipse.equinox.simpleconfigurator"
         download-size="0"
         install-size="0"
         version="1.0.300.v20110815-1744"
         unpack="false"/>

   <plugin
         id="org.eclipse.osgi"
         download-size="0"
         install-size="0"
         version="3.8.0.v20120312-2035"
         unpack="false"/>

   <plugin
         id="org.eclipse.osgi.services"
         download-size="0"
         install-size="0"
         version="3.3.0.v20120307-2102"
         unpack="false"/>

   <plugin
         id="org.eclipse.equinox.launcher"
         download-size="0"
         install-size="0"
         version="1.3.0.v20120308-1358"
         unpack="false"/>

   <plugin
         id="org.eclipse.equinox.launcher.gtk.solaris.sparc"
         os="solaris"
         ws="gtk"
         arch="sparc"
         download-size="0"
         install-size="0"
         version="1.1.200.v20110908-1331"
         fragment="true"/>

   <plugin
         id="org.eclipse.equinox.launcher.gtk.solaris.x86"
         os="solaris"
         ws="gtk"
         arch="x86"
         download-size="0"
         install-size="0"
         version="1.1.200.v20110908-1331"
         fragment="true"/>

   <plugin
         id="org.eclipse.equinox.launcher.cocoa.macosx"
         os="macosx"
         ws="cocoa"
         arch="ppc"
         download-size="0"
         install-size="0"
         version="1.1.200.v20111216-1710"
         fragment="true"/>

   <plugin
         id="org.eclipse.equinox.launcher.cocoa.macosx"
         os="macosx"
         ws="cocoa"
         arch="x86"
         download-size="0"
         install-size="0"
         version="1.1.200.v20111216-1710"
         fragment="true"/>

   <plugin
         id="org.eclipse.equinox.launcher.cocoa.macosx.x86_64"
         os="macosx"
         ws="cocoa"
         arch="x86_64"
         download-size="0"
         install-size="0"
         version="1.1.200.v20111216-1710"
         fragment="true"/>

   <plugin
         id="org.eclipse.equinox.launcher.gtk.linux.ppc64"
         os="linux"
         ws="gtk"
         arch="ppc64"
         download-size="0"
         install-size="0"
         version="1.0.200.v20120305-1541"
         fragment="true"/>

   <plugin
         id="org.eclipse.equinox.launcher.gtk.linux.x86"
         os="linux"
         ws="gtk"
         arch="x86"
         download-size="0"
         install-size="0"
         version="1.1.200.v20120305-1541"
         fragment="true"/>

   <plugin
         id="org.eclipse.equinox.launcher.gtk.linux.s390x"
         os="linux"
         ws="gtk"
         arch="s390x"
         download-size="0"
         install-size="0"
         version="1.1.100.v20120305-1541"
         fragment="true"/>

   <plugin
         id="org.eclipse.equinox.launcher.gtk.linux.s390"
         os="linux"
         ws="gtk"
         arch="s390"
         download-size="0"
         install-size="0"
         version="1.1.100.v20120305-1541"
         fragment="true"/>

   <plugin
         id="org.eclipse.equinox.launcher.gtk.linux.x86_64"
         os="linux"
         ws="gtk"
         arch="x86_64"
         download-size="0"
         install-size="0"
         version="1.1.200.v20120305-1541"
         fragment="true"/>

   <plugin
         id="org.eclipse.equinox.launcher.gtk.aix.ppc"
         os="aix"
         ws="gtk"
         arch="ppc"
         download-size="0"
         install-size="0"
         version="1.1.0.v20110905-2106"
         fragment="true"/>

   <plugin
         id="org.eclipse.equinox.launcher.gtk.aix.ppc64"
         os="aix"
         ws="gtk"
         arch="ppc64"
         download-size="0"
         install-size="0"
         version="1.1.0.v20110905-2106"
         fragment="true"/>

   <plugin
         id="org.eclipse.equinox.launcher.win32.win32.x86"
         os="win32"
         ws="win32"
         arch="x86"
         download-size="0"
         install-size="0"
         version="1.1.200.v20110908-1331"
         fragment="true"/>

   <plugin
         id="org.eclipse.equinox.launcher.win32.win32.x86_64"
         os="win32"
         ws="win32"
         arch="x86_64"
         download-size="0"
         install-size="0"
         version="1.1.200.v20110908-1331"
         fragment="true"/>

   <plugin
         id="org.eclipse.swt"
         download-size="0"
         install-size="0"
         version="3.8.0.v3823a"
         unpack="false"/>

   <plugin
         id="org.eclipse.swt.win32.win32.x86"
         os="win32"
         ws="win32"
         arch="x86"
         download-size="0"
         install-size="0"
         version="3.8.0.v3823a"
         fragment="true"
         unpack="false"/>

   <plugin
         id="org.eclipse.swt.win32.win32.x86_64"
         os="win32"
         ws="win32"
         arch="x86_64"
         download-size="0"
         install-size="0"
         version="3.8.0.v3823a"
         fragment="true"
         unpack="false"/>

   <plugin
         id="org.eclipse.swt.gtk.linux.x86"
         os="linux"
         ws="gtk"
         arch="x86"
         download-size="0"
         install-size="0"
         version="3.8.0.v3823a"
         fragment="true"
         unpack="false"/>

   <plugin
         id="org.eclipse.swt.gtk.linux.s390x"
         os="linux"
         ws="gtk"
         arch="s390x"
         download-size="0"
         install-size="0"
         version="3.8.0.v3823a"
         fragment="true"
         unpack="false"/>

   <plugin
         id="org.eclipse.swt.gtk.linux.s390"
         os="linux"
         ws="gtk"
         arch="s390"
         download-size="0"
         install-size="0"
         version="3.8.0.v3823a"
         fragment="true"
         unpack="false"/>

   <plugin
         id="org.eclipse.swt.gtk.solaris.sparc"
         os="solaris"
         ws="gtk"
         arch="sparc"
         download-size="0"
         install-size="0"
         version="3.8.0.v3823a"
         fragment="true"
         unpack="false"/>

   <plugin
         id="org.eclipse.swt.gtk.solaris.x86"
         os="solaris"
         ws="gtk"
         arch="x86"
         download-size="0"
         install-size="0"
         version="3.8.0.v3823a"
         fragment="true"
         unpack="false"/>

   <plugin
         id="org.eclipse.swt.gtk.linux.ppc64"
         os="linux"
         ws="gtk"
         arch="ppc64"
         download-size="0"
         install-size="0"
         version="3.8.0.v3823a"
         fragment="true"
         unpack="false"/>

   <plugin
         id="org.eclipse.swt.gtk.linux.x86_64"
         os="linux"
         ws="gtk"
         arch="x86_64"
         download-size="0"
         install-size="0"
         version="3.8.0.v3823a"
         fragment="true"
         unpack="false"/>

   <plugin
         id="org.eclipse.swt.cocoa.macosx"
         os="macosx"
         ws="cocoa"
         arch="ppc"
         download-size="0"
         install-size="0"
         version="3.8.0.v3823a"
         fragment="true"
         unpack="false"/>

   <plugin
         id="org.eclipse.swt.cocoa.macosx"
         os="macosx"
         ws="cocoa"
         arch="x86"
         download-size="0"
         install-size="0"
         version="3.8.0.v3823a"
         fragment="true"
         unpack="false"/>

   <plugin
         id="org.eclipse.swt.cocoa.macosx.x86_64"
         os="macosx"
         ws="cocoa"
         arch="x86_64"
         download-size="0"
         install-size="0"
         version="3.8.0.v3823a"
         fragment="true"
         unpack="false"/>

   <plugin
         id="org.eclipse.swt.gtk.aix.ppc"
         os="aix"
         ws="gtk"
         arch="ppc"
         download-size="0"
         install-size="0"
         version="3.8.0.v3823a"
         fragment="true"
         unpack="false"/>

   <plugin
         id="org.eclipse.swt.gtk.aix.ppc64"
         os="aix"
         ws="gtk"
         arch="ppc64"
         download-size="0"
         install-size="0"
         version="3.8.0.v3823a"
         fragment="true"
         unpack="false"/>

   <plugin
         id="org.eclipse.swt.gtk.hpux.ia64_32"
         os="hpux"
         ws="gtk"
         arch="ia64_32"
         download-size="0"
         install-size="0"
         version="3.8.0.v3823a"
         fragment="true"
         unpack="false"/>

   <plugin
         id="org.eclipse.equinox.util"
         download-size="0"
         install-size="0"
         version="1.0.300.v20111010-1614"
         unpack="false"/>

   <plugin
         id="org.eclipse.jface"
         download-size="0"
         install-size="0"
         version="3.8.0.v20120301-1821"
         unpack="false"/>

   <plugin
         id="org.eclipse.jface.databinding"
         download-size="0"
         install-size="0"
         version="1.6.0.v20111007-1312"
         unpack="false"/>

   <plugin
         id="org.eclipse.e4.ui.workbench3"
         download-size="0"
         install-size="0"
         version="0.12.0.v20120215-1332"
         unpack="false"/>

   <plugin
         id="org.apache.felix.gogo.command"
         download-size="0"
         install-size="0"
         version="0.8.0.v201108120515"
         unpack="false"/>

   <plugin
         id="org.apache.felix.gogo.runtime"
         download-size="0"
         install-size="0"
         version="0.8.0.v201108120515"
         unpack="false"/>

   <plugin
         id="org.apache.felix.gogo.shell"
         download-size="0"
         install-size="0"
         version="0.8.0.v201110170705"
         unpack="false"/>

   <plugin
         id="org.eclipse.equinox.console"
         download-size="0"
         install-size="0"
         version="1.0.0.v20111215-1210"
         unpack="false"/>

   <plugin
         id="org.eclipse.e4.ui.workbench.addons.swt"
         download-size="0"
         install-size="0"
         version="0.10.0.v20120314-2016"
         unpack="false"/>

   <plugin
         id="org.eclipse.equinox.bidi"
         download-size="0"
         install-size="0"
         version="0.9.0.v20111215-1958"
         unpack="false"/>

</feature>
