<?xml version='1.0' encoding='UTF-8'?>
<?artifactRepository version='1.1.0'?>
<repository name='Bundle pool' type='org.eclipse.equinox.p2.artifact.repository.simpleRepository' version='1'>
  <properties size='2'>
    <property name='p2.system' value='true'/>
    <property name='p2.timestamp' value='1370346219121'/>
  </properties>
  <mappings size='3'>
    <rule filter='(&amp; (classifier=osgi.bundle))' output='${repoUrl}/plugins/${id}_${version}.jar'/>
    <rule filter='(&amp; (classifier=binary))' output='${repoUrl}/binary/${id}_${version}'/>
    <rule filter='(&amp; (classifier=org.eclipse.update.feature))' output='${repoUrl}/features/${id}_${version}.jar'/>
  </mappings>
  <artifacts size='76'>
    <artifact classifier='osgi.bundle' id='org.eclipse.equinox.security.win32.x86' version='1.0.200.v20111010-1614'>
      <properties size='1'>
        <property name='download.size' value='22013'/>
      </properties>
    </artifact>
    <artifact classifier='osgi.bundle' id='org.eclipse.e4.ui.model.workbench' version='0.10.0.v20120221-1958'>
      <properties size='1'>
        <property name='download.size' value='354748'/>
      </properties>
    </artifact>
    <artifact classifier='osgi.bundle' id='org.eclipse.swt' version='3.8.0.v3823a'>
      <properties size='1'>
        <property name='download.size' value='17329'/>
      </properties>
    </artifact>
    <artifact classifier='osgi.bundle' id='org.eclipse.e4.core.di.extensions' version='0.10.0.v20120201-1503'>
      <properties size='1'>
        <property name='download.size' value='22250'/>
      </properties>
    </artifact>
    <artifact classifier='osgi.bundle' id='org.eclipse.swt.win32.win32.x86' version='3.8.0.v3823a'>
      <properties size='1'>
        <property name='download.size' value='2693540'/>
      </properties>
    </artifact>
    <artifact classifier='osgi.bundle' id='org.apache.felix.gogo.shell' version='0.8.0.v201110170705'>
      <properties size='1'>
        <property name='download.size' value='59614'/>
      </properties>
    </artifact>
    <artifact classifier='osgi.bundle' id='org.eclipse.e4.core.services' version='1.0.0.v20120118-2149'>
      <properties size='1'>
        <property name='download.size' value='30812'/>
      </properties>
    </artifact>
    <artifact classifier='osgi.bundle' id='org.eclipse.e4.ui.css.swt' version='0.10.0.v20120314-1644'>
      <properties size='1'>
        <property name='download.size' value='146747'/>
      </properties>
    </artifact>
    <artifact classifier='osgi.bundle' id='org.eclipse.core.net.win32.x86' version='1.0.100.I20110331-0827'>
      <properties size='1'>
        <property name='download.size' value='29744'/>
      </properties>
    </artifact>
    <artifact classifier='osgi.bundle' id='com.ibm.icu' version='4.4.2.v20110823'>
      <properties size='1'>
        <property name='download.size' value='6701203'/>
      </properties>
    </artifact>
    <artifact classifier='osgi.bundle' id='org.eclipse.osgi' version='3.8.0.v20120312-2035'>
      <properties size='1'>
        <property name='download.size' value='1393335'/>
      </properties>
    </artifact>
    <artifact classifier='osgi.bundle' id='org.eclipse.core.databinding.beans' version='1.2.100.v20111007-1312'>
      <properties size='1'>
        <property name='download.size' value='75447'/>
      </properties>
    </artifact>
    <artifact classifier='osgi.bundle' id='org.eclipse.e4.core.di' version='1.1.0.v20120223-2025'>
      <properties size='1'>
        <property name='download.size' value='48780'/>
      </properties>
    </artifact>
    <artifact classifier='osgi.bundle' id='org.eclipse.e4.ui.widgets' version='0.11.0.v20120312-0401'>
      <properties size='1'>
        <property name='download.size' value='74038'/>
      </properties>
    </artifact>
    <artifact classifier='osgi.bundle' id='org.eclipse.core.databinding' version='1.4.1.v20111007-1312'>
      <properties size='1'>
        <property name='download.size' value='201033'/>
      </properties>
    </artifact>
    <artifact classifier='osgi.bundle' id='org.eclipse.e4.ui.workbench.swt' version='0.10.0.v20120224-1612'>
      <properties size='1'>
        <property name='download.size' value='167178'/>
      </properties>
    </artifact>
    <artifact classifier='osgi.bundle' id='org.eclipse.equinox.simpleconfigurator' version='1.0.300.v20110815-1744'>
      <properties size='1'>
        <property name='download.size' value='39451'/>
      </properties>
    </artifact>
    <artifact classifier='org.eclipse.update.feature' id='fr.sanofi.fcl4transmart.feature' version='1.1.0'>
      <properties size='1'>
        <property name='download.size' value='839'/>
      </properties>
      <repositoryProperties size='1'>
        <property name='artifact.folder' value='true'/>
      </repositoryProperties>
    </artifact>
    <artifact classifier='osgi.bundle' id='org.eclipse.core.net' version='1.2.200.v20111202-1616'>
      <properties size='1'>
        <property name='download.size' value='69261'/>
      </properties>
    </artifact>
    <artifact classifier='osgi.bundle' id='org.eclipse.e4.core.commands' version='0.10.0.v20120209-1845'>
      <properties size='1'>
        <property name='download.size' value='16347'/>
      </properties>
    </artifact>
    <artifact classifier='osgi.bundle' id='org.eclipse.core.databinding.observable' version='1.4.1.v20111007-1312'>
      <properties size='1'>
        <property name='download.size' value='296161'/>
      </properties>
    </artifact>
    <artifact classifier='osgi.bundle' id='org.eclipse.core.runtime' version='3.8.0.v20120308-2101'>
      <properties size='1'>
        <property name='download.size' value='74111'/>
      </properties>
    </artifact>
    <artifact classifier='osgi.bundle' id='org.eclipse.e4.ui.workbench' version='0.10.1.v20120314-1316'>
      <properties size='1'>
        <property name='download.size' value='225176'/>
      </properties>
    </artifact>
    <artifact classifier='osgi.bundle' id='org.eclipse.help' version='3.6.0.v20111021'>
      <properties size='1'>
        <property name='download.size' value='257629'/>
      </properties>
    </artifact>
    <artifact classifier='osgi.bundle' id='org.eclipse.emf.ecore.change' version='2.8.0.v20120606-0717'>
      <properties size='1'>
        <property name='download.size' value='83069'/>
      </properties>
    </artifact>
    <artifact classifier='osgi.bundle' id='org.eclipse.e4.ui.bindings' version='0.10.0.v20120313-1928'>
      <properties size='1'>
        <property name='download.size' value='45758'/>
      </properties>
    </artifact>
    <artifact classifier='osgi.bundle' id='org.eclipse.equinox.bidi' version='0.9.0.v20111215-1958'>
      <properties size='1'>
        <property name='download.size' value='48330'/>
      </properties>
    </artifact>
    <artifact classifier='osgi.bundle' id='org.apache.felix.gogo.runtime' version='0.8.0.v201108120515'>
      <properties size='1'>
        <property name='download.size' value='78791'/>
      </properties>
    </artifact>
    <artifact classifier='osgi.bundle' id='javax.xml' version='1.3.4.v201005080400'>
      <properties size='1'>
        <property name='download.size' value='237996'/>
      </properties>
    </artifact>
    <artifact classifier='osgi.bundle' id='org.apache.felix.gogo.command' version='0.8.0.v201108120515'>
      <properties size='1'>
        <property name='download.size' value='56376'/>
      </properties>
    </artifact>
    <artifact classifier='osgi.bundle' id='org.eclipse.e4.ui.di' version='0.10.0.v20120217-1935'>
      <properties size='1'>
        <property name='download.size' value='13365'/>
      </properties>
    </artifact>
    <artifact classifier='osgi.bundle' id='org.eclipse.e4.ui.workbench.renderers.swt' version='0.10.0.v20120314-1758'>
      <properties size='1'>
        <property name='download.size' value='317802'/>
      </properties>
    </artifact>
    <artifact classifier='osgi.bundle' id='org.w3c.dom.smil' version='1.0.0.v200806040011'>
      <properties size='1'>
        <property name='download.size' value='15995'/>
      </properties>
    </artifact>
    <artifact classifier='osgi.bundle' id='org.eclipse.ui.workbench' version='3.103.0.v20120314-2129'>
      <properties size='1'>
        <property name='download.size' value='3754484'/>
      </properties>
    </artifact>
    <artifact classifier='osgi.bundle' id='org.eclipse.equinox.launcher.win32.win32.x86' version='1.1.200.v20110908-1331'>
      <properties size='1'>
        <property name='download.size' value='26087'/>
      </properties>
      <repositoryProperties size='1'>
        <property name='artifact.folder' value='true'/>
      </repositoryProperties>
    </artifact>
    <artifact classifier='osgi.bundle' id='org.eclipse.e4.ui.services' version='0.10.0.v20120209-1845'>
      <properties size='1'>
        <property name='download.size' value='21467'/>
      </properties>
    </artifact>
    <artifact classifier='osgi.bundle' id='org.eclipse.e4.core.contexts' version='1.0.0.v20120224-1633'>
      <properties size='1'>
        <property name='download.size' value='42531'/>
      </properties>
    </artifact>
    <artifact classifier='org.eclipse.update.feature' id='org.eclipse.emf.ecore' version='2.8.0.v20120606-0717'>
      <properties size='1'>
        <property name='download.size' value='18509'/>
      </properties>
      <repositoryProperties size='1'>
        <property name='artifact.folder' value='true'/>
      </repositoryProperties>
    </artifact>
    <artifact classifier='osgi.bundle' id='org.eclipse.equinox.app' version='1.3.100.v20111010-1614'>
      <properties size='1'>
        <property name='download.size' value='85230'/>
      </properties>
    </artifact>
    <artifact classifier='osgi.bundle' id='org.eclipse.emf.ecore.xmi' version='2.8.0.v20120606-0717'>
      <properties size='1'>
        <property name='download.size' value='222829'/>
      </properties>
    </artifact>
    <artifact classifier='osgi.bundle' id='javax.inject' version='1.0.0.v20091030'>
      <properties size='1'>
        <property name='download.size' value='12288'/>
      </properties>
    </artifact>
    <artifact classifier='osgi.bundle' id='org.eclipse.equinox.registry' version='3.5.200.v20111010-1614'>
      <properties size='1'>
        <property name='download.size' value='183024'/>
      </properties>
    </artifact>
    <artifact classifier='osgi.bundle' id='org.eclipse.core.databinding.property' version='1.4.0.v20111007-1312'>
      <properties size='1'>
        <property name='download.size' value='167995'/>
      </properties>
    </artifact>
    <artifact classifier='osgi.bundle' id='org.eclipse.core.commands' version='3.6.0.v20111007-1312'>
      <properties size='1'>
        <property name='download.size' value='107334'/>
      </properties>
    </artifact>
    <artifact classifier='osgi.bundle' id='org.apache.batik.util.gui' version='1.6.0.v201011041432'>
      <properties size='1'>
        <property name='download.size' value='164253'/>
      </properties>
    </artifact>
    <artifact classifier='osgi.bundle' id='org.eclipse.e4.ui.workbench3' version='0.12.0.v20120215-1332'>
      <properties size='1'>
        <property name='download.size' value='8849'/>
      </properties>
    </artifact>
    <artifact classifier='osgi.bundle' id='org.eclipse.equinox.ds' version='1.4.0.v20120112-1400'>
      <properties size='1'>
        <property name='download.size' value='192844'/>
      </properties>
    </artifact>
    <artifact classifier='osgi.bundle' id='org.eclipse.core.jobs' version='3.5.200.v20120113-1913'>
      <properties size='1'>
        <property name='download.size' value='91101'/>
      </properties>
    </artifact>
    <artifact classifier='osgi.bundle' id='org.eclipse.equinox.common' version='3.6.100.v20120209-1951'>
      <properties size='1'>
        <property name='download.size' value='105581'/>
      </properties>
    </artifact>
    <artifact classifier='osgi.bundle' id='org.eclipse.jface' version='3.8.0.v20120301-1821'>
      <properties size='1'>
        <property name='download.size' value='1088883'/>
      </properties>
    </artifact>
    <artifact classifier='org.eclipse.update.feature' id='org.eclipse.emf.common' version='2.8.0.v20120606-0717'>
      <properties size='1'>
        <property name='download.size' value='18473'/>
      </properties>
      <repositoryProperties size='1'>
        <property name='artifact.folder' value='true'/>
      </repositoryProperties>
    </artifact>
    <artifact classifier='osgi.bundle' id='fr.sanofi.fcl4transmart' version='1.1.0'>
      <properties size='1'>
        <property name='download.size' value='48688444'/>
      </properties>
    </artifact>
    <artifact classifier='osgi.bundle' id='org.eclipse.equinox.security' version='1.1.100.v20111010-1614'>
      <properties size='1'>
        <property name='download.size' value='106099'/>
      </properties>
    </artifact>
    <artifact classifier='osgi.bundle' id='org.eclipse.core.contenttype' version='3.4.100.v20110423-0524'>
      <properties size='1'>
        <property name='download.size' value='91964'/>
      </properties>
    </artifact>
    <artifact classifier='osgi.bundle' id='org.eclipse.e4.ui.css.core' version='0.10.0.v20120312-1146'>
      <properties size='1'>
        <property name='download.size' value='197169'/>
      </properties>
    </artifact>
    <artifact classifier='osgi.bundle' id='org.eclipse.e4.ui.workbench.addons.swt' version='0.10.0.v20120314-2016'>
      <properties size='1'>
        <property name='download.size' value='120466'/>
      </properties>
    </artifact>
    <artifact classifier='osgi.bundle' id='org.eclipse.equinox.util' version='1.0.300.v20111010-1614'>
      <properties size='1'>
        <property name='download.size' value='76832'/>
      </properties>
    </artifact>
    <artifact classifier='osgi.bundle' id='org.apache.batik.css' version='1.6.0.v201011041432'>
      <properties size='1'>
        <property name='download.size' value='265409'/>
      </properties>
    </artifact>
    <artifact classifier='org.eclipse.update.feature' id='org.eclipse.e4.rcp' version='1.1.0.v20120131-1846-8yEEFyfGGdfiIUCM1VKqVel'>
      <properties size='1'>
        <property name='download.size' value='30938'/>
      </properties>
      <repositoryProperties size='1'>
        <property name='artifact.folder' value='true'/>
      </repositoryProperties>
    </artifact>
    <artifact classifier='osgi.bundle' id='org.eclipse.jface.databinding' version='1.6.0.v20111007-1312'>
      <properties size='1'>
        <property name='download.size' value='277160'/>
      </properties>
    </artifact>
    <artifact classifier='osgi.bundle' id='org.eclipse.core.expressions' version='3.4.300.v20110228'>
      <properties size='1'>
        <property name='download.size' value='86988'/>
      </properties>
    </artifact>
    <artifact classifier='osgi.bundle' id='org.eclipse.emf.ecore' version='2.8.0.v20120606-0717'>
      <properties size='1'>
        <property name='download.size' value='1126124'/>
      </properties>
    </artifact>
    <artifact classifier='osgi.bundle' id='org.eclipse.e4.ui.css.swt.theme' version='0.9.1.v20120315-1637'>
      <properties size='1'>
        <property name='download.size' value='22737'/>
      </properties>
    </artifact>
    <artifact classifier='osgi.bundle' id='org.eclipse.equinox.launcher' version='1.3.0.v20120308-1358'>
      <properties size='1'>
        <property name='download.size' value='48074'/>
      </properties>
    </artifact>
    <artifact classifier='osgi.bundle' id='org.eclipse.equinox.security.ui' version='1.1.0.v20111010-1614'>
      <properties size='1'>
        <property name='download.size' value='214263'/>
      </properties>
    </artifact>
    <artifact classifier='osgi.bundle' id='org.eclipse.equinox.console' version='1.0.0.v20111215-1210'>
      <properties size='1'>
        <property name='download.size' value='108993'/>
      </properties>
    </artifact>
    <artifact classifier='osgi.bundle' id='org.eclipse.ui' version='3.103.0.v20120222-1413'>
      <properties size='1'>
        <property name='download.size' value='152855'/>
      </properties>
    </artifact>
    <artifact classifier='osgi.bundle' id='org.apache.batik.util' version='1.6.0.v201011041432'>
      <properties size='1'>
        <property name='download.size' value='101159'/>
      </properties>
    </artifact>
    <artifact classifier='osgi.bundle' id='org.w3c.dom.svg' version='1.1.0.v201011041433'>
      <properties size='1'>
        <property name='download.size' value='87897'/>
      </properties>
    </artifact>
    <artifact classifier='osgi.bundle' id='org.eclipse.osgi.services' version='3.3.0.v20120307-2102'>
      <properties size='1'>
        <property name='download.size' value='81872'/>
      </properties>
    </artifact>
    <artifact classifier='osgi.bundle' id='org.eclipse.emf.common' version='2.8.0.v20120606-0717'>
      <properties size='1'>
        <property name='download.size' value='214216'/>
      </properties>
    </artifact>
    <artifact classifier='osgi.bundle' id='org.w3c.css.sac' version='1.3.1.v200903091627'>
      <properties size='1'>
        <property name='download.size' value='32952'/>
      </properties>
    </artifact>
    <artifact classifier='osgi.bundle' id='org.eclipse.equinox.preferences' version='3.5.0.v20120120-1210'>
      <properties size='1'>
        <property name='download.size' value='125133'/>
      </properties>
    </artifact>
    <artifact classifier='osgi.bundle' id='org.eclipse.equinox.event' version='1.2.100.v20111010-1614'>
      <properties size='1'>
        <property name='download.size' value='32534'/>
      </properties>
    </artifact>
    <artifact classifier='osgi.bundle' id='org.eclipse.core.filesystem' version='1.3.200.v20120306-1226'>
      <properties size='1'>
        <property name='download.size' value='53250'/>
      </properties>
    </artifact>
    <artifact classifier='osgi.bundle' id='javax.annotation' version='1.0.0.v20101115-0725'>
      <properties size='1'>
        <property name='download.size' value='17480'/>
      </properties>
    </artifact>
  </artifacts>
</repository>
